model_name,bleu_score,corpus_rouge1,corpus_rouge2,corpus_rougeL,corpus_rougeLsum,corpus_bertscore_precision,corpus_bertscore_recall,corpus_bertscore_f1
gemma-3-12b-it,12.119365877685325,0.48015504070052495,0.18567614874179672,0.3776871516516185,0.37762720400067196,0.725081479684873,0.709954631599513,0.7167348963293162
