model_name,bleu_score,corpus_rouge1,corpus_rouge2,corpus_rougeL,corpus_rougeLsum,corpus_bertscore_precision,corpus_bertscore_recall,corpus_bertscore_f1
gemma-3-12b-it,19.444374837939282,0.5248572974189062,0.2474749994664671,0.4231994328647949,0.42306470614011804,0.7400816496122967,0.7466873479160395,0.7425435849211433
