model_name,bleu_score,corpus_rouge1,corpus_rouge2,corpus_rougeL,corpus_rougeLsum,corpus_bertscore_precision,corpus_bertscore_recall,corpus_bertscore_f1
gemma-3-12b-it,10.616300056213765,0.45788193861884824,0.188451050307527,0.40093591134519796,0.4007149191998032,0.7500800463286313,0.7518400150266561,0.750015298073942
