id,reference,generated,bleu_score,bleu_1,bleu_2,bleu_3,bleu_4,rouge1,rouge2,rougeL,rougeLsum,bertscore_precision,bertscore_recall,bertscore_f1
1,Checks if a data type is a subtype of a specified base type,Checks if a class's type is a subtype of a base type.,52.664038784792666,84.61538461538461,66.66666666666667,45.45454545454545,30.0,0.8461538461538461,0.6666666666666666,0.8461538461538461,0.8461538461538461,0.9154167175292969,0.9106093645095825,0.9130067229270935
2,Validates if a value conforms to a datatype specified by a string,Checks if a given value is of a specified data type.,8.51659301881964,41.666666666666664,9.090909090909092,5.0,2.7777777777777777,0.43478260869565216,0.09523809523809525,0.43478260869565216,0.43478260869565216,0.8679964542388916,0.8104184865951538,0.8382198810577393
3,Checks if a value or list of values is a valid integer for a specified bit-width and signedness.,"Checks if a number is an x-tuple, ensuring it's non-negative and contains only non-negative integers.",9.000099161484185,35.294117647058826,12.5,6.666666666666667,3.5714285714285716,0.2631578947368421,0.1111111111111111,0.2631578947368421,0.2631578947368421,0.6491082906723022,0.7038581371307373,0.6753754615783691
