test_name,language,corpus_codebleu,corpus_ngram_match_score,corpus_weighted_ngram_match_score,corpus_syntax_match_score,corpus_dataflow_match_score
gemma-3-12b-it-xl-short-one,python,0.37469736593322867,0.2430121627717024,0.30129699865482296,0.4485514485514486,0.5059288537549407
gemma-3-12b-it-xl-short-one,java,0.3092628206163305,0.24652188094547153,0.2597928761404678,0.3701923076923077,0.36054421768707484
gemma-3-12b-it-xl-short-one,cpp,0.31066697604532584,0.18609190398742068,0.19697801024413394,0.41959798994974873,0.44
gemma-3-12b-it-xl-short-one,c,0.2780376945504155,0.1843569193365045,0.2212122181786515,0.3275862068965517,0.3789954337899543
gemma-3-12b-it-xl-short-one,average,0.31816621428632513,0.2149957167602748,0.24482002580451906,0.3914819882725141,0.42136712630799245
