model_name,bleu_score,corpus_rouge1,corpus_rouge2,corpus_rougeL,corpus_rougeLsum,corpus_bertscore_precision,corpus_bertscore_recall,corpus_bertscore_f1
gemma-3-12b-it,10.750340241255339,0.46885630650341503,0.19945098987829135,0.3998217733309462,0.4007765098392573,0.7507412379438226,0.7670684145255522,0.7578865072943948
