model_name,bleu_score,corpus_rouge1,corpus_rouge2,corpus_rougeL,corpus_rougeLsum,corpus_bertscore_precision,corpus_bertscore_recall,corpus_bertscore_f1
gemma-3-12b-it,11.136098029251563,0.49156191937603905,0.22872674171081198,0.4188187535963116,0.41907395295077426,0.7341737361116842,0.7794019390236248,0.755019603127783
